City_ID,City,Country,Lat,Lng,Max Temp,Humidity,Cloudiness,Wind Speed,Current Description
0,Pacific Grove,US,36.6177,-121.9166,59.0,62,1,11.5,clear sky
1,Avarua,CK,-21.2078,-159.775,82.4,78,75,14.97,light rain
2,Rikitea,PF,-23.1203,-134.9692,76.98,69,100,16.58,light rain
3,Yellowknife,CA,62.456,-114.3525,21.0,53,20,8.05,few clouds
4,Vaini,TO,-21.2,-175.2,75.2,78,40,8.05,scattered clouds
5,Hobart,AU,-42.8794,147.3294,55.4,67,40,6.91,scattered clouds
6,Albany,US,42.6001,-73.9662,57.99,27,14,1.99,few clouds
7,Bredasdorp,ZA,-34.5322,20.0403,66.2,82,100,3.44,overcast clouds
8,Punta Arenas,CL,-53.15,-70.9167,50.0,50,0,18.41,clear sky
9,Berlevag,NO,70.8578,29.0864,33.8,93,75,5.75,light snow
10,Constitucion,CL,-35.3333,-72.4167,62.1,71,18,9.04,few clouds
11,Saint-Pierre,RE,-21.3393,55.4781,78.8,73,0,3.44,clear sky
12,Kapaa,US,22.0752,-159.319,75.2,60,75,18.41,broken clouds
13,Kavieng,PG,-2.5744,150.7967,79.36,82,100,9.08,light rain
14,Aklavik,CA,68.2191,-135.0107,-0.4,71,75,10.36,broken clouds
15,Saint-Philippe,RE,-21.3585,55.7679,80.6,78,0,4.61,clear sky
16,Mopti,ML,14.6667,-4.0,102.2,8,5,4.61,clear sky
17,Alghero,IT,40.5589,8.3181,57.2,88,0,5.75,clear sky
18,Saskylakh,RU,71.9167,114.0833,-26.81,100,25,3.27,scattered clouds
19,Ushuaia,AR,-54.8,-68.3,48.2,53,20,3.44,few clouds
20,Madras,IN,13.0878,80.2785,84.2,79,20,6.91,mist
21,Caravelas,BR,-17.7125,-39.2481,80.8,68,100,8.86,overcast clouds
22,Qaanaaq,GL,77.484,-69.3632,-11.63,68,25,6.26,scattered clouds
23,Celestun,MX,20.8667,-90.4,78.39,60,42,19.26,scattered clouds
24,Port Elizabeth,ZA,-33.918,25.5701,66.2,88,75,19.57,broken clouds
25,Rognan,NO,67.0953,15.3878,30.99,94,100,6.62,light snow
26,Engel-Yurt,RU,43.3289,46.3603,50.0,71,0,6.71,clear sky
27,Bethel,US,41.3712,-73.414,59.0,24,20,3.44,few clouds
28,Fort Nelson,CA,58.8053,-122.7002,42.8,28,20,12.66,few clouds
29,Ponta Do Sol,PT,32.6667,-17.1,63.0,79,90,3.98,overcast clouds
30,Saint George,US,37.1041,-113.5841,79.0,18,1,2.28,clear sky
31,San Patricio,US,28.017,-97.5169,78.01,60,75,12.66,broken clouds
32,Trat,TH,12.5,102.5,79.0,99,95,0.72,overcast clouds
33,Umm Lajj,SA,25.0213,37.2685,74.97,43,0,9.62,clear sky
34,Kysyl-Syr,RU,63.8986,122.7617,-24.57,99,76,3.56,broken clouds
35,Barentu,ER,15.1139,37.5928,78.62,29,4,6.33,clear sky
36,Mayo,US,38.8876,-76.5119,70.0,34,1,10.36,clear sky
37,Beloha,MG,-25.1667,45.05,68.47,88,2,7.18,light rain
38,Udachnyy,RU,66.4167,112.4,-18.18,99,100,5.14,overcast clouds
39,New Norfolk,AU,-42.7826,147.0587,55.0,67,44,1.01,scattered clouds
40,Voyvozh,RU,62.892,54.9635,19.42,97,61,1.81,broken clouds
41,Atuona,PF,-9.8,-139.0333,80.46,81,36,11.1,scattered clouds
42,Bonavista,CA,48.6499,-53.1147,44.6,87,100,3.44,overcast clouds
43,Yulara,AU,-25.2406,130.9889,64.4,45,0,5.75,clear sky
44,Hermanus,ZA,-34.4187,19.2345,64.99,91,92,1.01,light rain
45,Kodiak,US,57.79,-152.4072,35.6,80,1,6.91,clear sky
46,Hay River,CA,60.8156,-115.7999,17.6,73,100,11.5,overcast clouds
47,Hilo,US,19.7297,-155.09,71.6,78,90,4.61,overcast clouds
48,East London,ZA,-33.0153,27.9116,66.2,63,0,5.75,clear sky
49,Bandarbeyla,SO,9.4942,50.8122,79.52,78,37,5.73,scattered clouds
50,Busselton,AU,-33.65,115.3333,62.01,92,0,1.01,clear sky
51,Khatanga,RU,71.9667,102.5,-13.63,88,10,8.3,clear sky
52,Okoneshnikovo,RU,54.8377,75.0834,28.98,81,100,11.65,overcast clouds
53,Kaitangata,NZ,-46.2817,169.8464,61.0,50,43,5.01,scattered clouds
54,Nome,US,64.5011,-165.4064,-0.99,78,90,25.32,mist
55,Moron,AR,-34.6534,-58.6198,78.8,47,20,8.05,few clouds
56,Vila,PT,42.0304,-8.1588,71.01,59,0,8.05,clear sky
57,Mormugao,IN,15.4,73.8,78.82,75,5,12.21,clear sky
58,Mataura,NZ,-46.1927,168.8643,57.0,73,100,11.99,overcast clouds
59,Tuktoyaktuk,CA,69.4541,-133.0374,-9.4,77,40,16.11,snow
60,Grindavik,IS,63.8424,-22.4338,19.4,45,75,19.57,broken clouds
61,Talnakh,RU,69.4865,88.3972,4.33,75,100,10.78,overcast clouds
62,Chokurdakh,RU,70.6333,147.9167,-29.85,100,49,4.34,scattered clouds
63,Iqaluit,CA,63.7506,-68.5145,10.4,79,20,4.61,few clouds
64,Barrow,US,71.2906,-156.7887,-9.4,77,1,13.8,haze
65,Alice Springs,AU,-23.7,133.8833,57.2,72,0,4.61,clear sky
66,Cockburn Town,TC,21.4612,-71.1419,77.0,61,75,17.27,broken clouds
67,Longyearbyen,SJ,78.2186,15.6401,24.8,68,75,27.63,broken clouds
68,Pisco,PE,-13.7,-76.2167,78.8,61,0,10.36,clear sky
69,Provideniya,RU,64.3833,-173.3,-1.62,84,15,6.2,few clouds
70,Shahdadkot,PK,27.8477,67.9055,85.86,8,60,6.53,broken clouds
71,Auki,SB,-8.7676,160.7034,77.85,85,100,4.21,overcast clouds
72,Ketchikan,US,55.3422,-131.6461,41.2,72,99,2.93,overcast clouds
73,Montepuez,MZ,-13.1256,38.9997,69.01,98,41,4.05,scattered clouds
74,Meulaboh,ID,4.1363,96.1285,76.66,89,100,2.42,overcast clouds
75,Dongsheng,CN,39.8161,109.9776,42.51,61,100,15.41,overcast clouds
76,Bluff,NZ,-46.6,168.3333,57.0,73,86,11.99,overcast clouds
77,Kavaratti,IN,10.5669,72.642,82.36,69,64,13.56,broken clouds
78,Macia,MZ,-25.0269,33.0989,66.31,80,0,4.74,clear sky
79,Victoria,HK,22.2855,114.1577,73.0,89,100,1.01,overcast clouds
80,Vardo,NO,70.3705,31.1107,35.6,87,75,23.02,broken clouds
81,Hovd,MN,48.0056,91.6419,31.57,23,14,0.87,few clouds
82,Katsuura,JP,35.1333,140.3,66.2,94,75,11.5,heavy intensity rain
83,Opuwo,NA,-18.0607,13.84,75.79,42,4,5.5,clear sky
84,Nyrob,RU,60.733,56.7202,26.06,99,100,3.36,overcast clouds
85,Clyde River,CA,70.4692,-68.5914,-9.4,77,1,9.22,clear sky
86,Mana,GF,5.6592,-53.7767,81.55,78,80,10.58,broken clouds
87,Olafsvik,IS,64.8945,-23.7142,19.53,53,100,18.84,overcast clouds
88,Lebu,CL,-37.6167,-73.65,60.71,69,35,12.28,scattered clouds
89,Hosdurga,IN,13.7981,76.2861,77.16,59,16,10.13,few clouds
90,Jamestown,US,42.097,-79.2353,55.0,35,1,10.36,clear sky
91,Clarence Town,AU,-32.5833,151.7833,66.0,94,100,1.59,overcast clouds
92,Lasa,IT,46.6166,10.7002,57.2,48,0,4.61,clear sky
93,Klaksvik,FO,62.2266,-6.589,21.2,79,75,40.29,light snow
94,Senigallia,IT,43.7093,13.2167,51.01,43,0,3.44,clear sky
95,Sobolevo,RU,54.4299,31.8996,32.95,76,47,6.2,scattered clouds
96,Tessalit,ML,20.1986,1.0114,87.37,6,0,5.3,clear sky
97,Nikolskoye,RU,59.7035,30.7861,39.2,75,75,8.95,broken clouds
98,Hithadhoo,MV,-0.6,73.0833,83.82,71,100,18.37,overcast clouds
99,Mareeba,AU,-17.0,145.4333,75.2,88,76,2.64,broken clouds
100,Sao Joao Da Barra,BR,-21.6403,-41.0511,82.4,61,40,13.8,scattered clouds
101,Bukachacha,RU,52.9833,116.9167,23.05,78,6,4.61,clear sky
102,Matsuura,JP,33.3271,129.721,57.0,32,57,11.99,broken clouds
103,Saint-Leu,RE,-21.15,55.2833,78.8,73,0,3.44,clear sky
104,Leningradskiy,RU,69.3833,178.4167,0.12,94,100,5.5,overcast clouds
105,Ilulissat,GL,69.2167,-51.1,21.2,53,75,6.91,broken clouds
106,Coihaique,CL,-45.5752,-72.0662,60.8,67,75,5.75,broken clouds
107,Bacalar,MX,18.6667,-88.3833,84.99,61,75,6.91,broken clouds
108,Puerto Ayora,EC,-0.7393,-90.3518,82.4,74,20,13.8,few clouds
109,Asau,RO,46.4333,26.4,37.0,56,35,3.58,scattered clouds
110,Port Alfred,ZA,-33.5906,26.891,65.46,87,2,11.54,clear sky
111,Ilo,PE,-17.6394,-71.3375,73.26,74,100,9.8,overcast clouds
112,Rio Verde De Mato Grosso,BR,-18.9181,-54.8442,96.33,23,46,7.43,scattered clouds
113,Souris,CA,49.6172,-100.2612,57.99,30,40,14.97,scattered clouds
114,Axim,GH,4.8699,-2.2405,80.87,86,0,10.07,clear sky
115,Cape Town,ZA,-33.9258,18.4232,69.01,88,20,16.11,few clouds
116,Lalibela,ET,12.0333,39.0333,65.16,50,43,9.8,scattered clouds
117,Joshimath,IN,30.5667,79.5667,50.95,30,69,7.67,broken clouds
118,Tipitapa,NI,12.1973,-86.0971,93.2,46,20,18.41,few clouds
119,Salalah,OM,17.0151,54.0924,80.6,83,0,3.44,clear sky
120,Erzin,TR,36.9559,36.2,60.01,78,4,2.06,clear sky
121,Tuatapere,NZ,-46.1333,167.6833,57.0,73,92,10.0,overcast clouds
122,Lavrentiya,RU,65.5833,-171.0,-6.66,81,68,8.72,broken clouds
123,Vostok,RU,46.4856,135.8833,20.44,72,1,5.44,clear sky
124,Souillac,MU,-20.5167,57.5167,81.0,74,7,5.99,clear sky
125,Itarema,BR,-2.9248,-39.9167,82.62,76,100,14.7,overcast clouds
126,Upernavik,GL,72.7868,-56.1549,-9.65,83,7,10.96,clear sky
127,Bambous Virieux,MU,-20.3428,57.7575,81.0,74,17,7.0,light rain
128,Xuanhua,CN,40.6103,115.0447,48.31,25,59,2.01,broken clouds
129,Bubaque,GW,11.2833,-15.8333,75.69,74,10,15.41,clear sky
130,Kurilsk,RU,45.2333,147.8833,29.82,80,100,9.28,overcast clouds
131,Rawson,AR,-43.3002,-65.1023,86.38,25,26,19.82,scattered clouds
132,Tangara,BR,-6.1994,-35.8017,86.0,74,40,13.8,scattered clouds
133,Tiznit,MA,29.5833,-9.5,56.55,72,0,5.77,clear sky
134,Adeje,ES,28.1227,-16.726,68.0,59,75,6.91,broken clouds
135,Faanui,PF,-16.4833,-151.75,81.41,76,20,10.29,few clouds
136,Carnarvon,AU,-24.8667,113.6333,77.0,78,7,14.97,clear sky
137,Praia,CV,14.9215,-23.5087,87.8,27,0,18.41,clear sky
138,Thompson,CA,55.7435,-97.8558,35.6,38,20,2.3,few clouds
139,La Esperanza,GT,14.8667,-91.5667,73.4,35,20,9.22,few clouds
140,Gbadolite,CD,4.2833,21.0167,81.48,49,27,2.19,scattered clouds
141,Olinda,BR,-8.0089,-34.8553,82.4,69,75,8.05,broken clouds
142,Torbay,CA,47.6666,-52.7314,45.0,93,90,14.97,mist
143,Chuy,UY,-33.6971,-53.4616,74.1,71,29,11.7,scattered clouds
144,Cortez,US,37.3489,-108.5859,73.4,14,1,8.05,clear sky
145,Guanica,PR,17.9716,-66.908,80.01,70,66,11.01,broken clouds
146,Naliya,IN,23.2667,68.8333,79.54,72,0,10.71,clear sky
147,Tomatlan,MX,19.9333,-105.25,89.76,40,4,12.46,clear sky
148,Chimore,BO,-16.9833,-65.1333,74.17,87,100,1.95,overcast clouds
149,Buala,SB,-8.145,159.5921,79.65,85,34,4.21,light rain
150,Shangrao,CN,28.4532,117.9686,54.59,88,67,4.23,broken clouds
151,Lata,PT,40.1629,-8.3327,64.4,52,0,9.22,clear sky
152,Port-Cartier,CA,50.0334,-66.8654,39.0,64,90,10.36,overcast clouds
153,Brasilia,BR,-15.7797,-47.9297,80.6,57,40,3.44,scattered clouds
154,Mazara Del Vallo,IT,37.6641,12.588,59.0,88,0,3.44,clear sky
155,Marsala,IT,37.7966,12.4352,59.0,88,0,3.44,clear sky
156,Voh,NC,-20.9667,164.7,71.67,90,71,6.71,broken clouds
157,Diffa,NE,13.3154,12.6113,85.71,9,1,7.52,clear sky
158,Mount Gambier,AU,-37.8333,140.7667,57.2,67,62,8.05,broken clouds
159,Wattegama,LK,6.7989,81.4808,75.2,88,0,2.3,clear sky
160,Alta Floresta,BR,-9.8756,-56.0861,83.86,76,100,4.97,overcast clouds
161,Ribeira Grande,PT,38.5167,-28.7,62.6,88,75,17.27,broken clouds
162,Mugur-Aksy,RU,50.35,90.5,16.47,51,0,5.37,clear sky
163,Dalvik,IS,65.9702,-18.5286,15.8,92,90,18.41,light snow
164,Santa Cruz,BO,-17.8,-63.1667,87.8,58,75,9.22,broken clouds
165,Baoqing,CN,46.3317,132.2111,35.26,45,27,7.83,scattered clouds
166,Cherskiy,RU,68.75,161.3,-18.63,100,87,3.06,overcast clouds
167,Nanortalik,GL,60.1432,-45.2371,37.35,83,13,7.94,few clouds
168,Mar Del Plata,AR,-38.0023,-57.5575,73.4,73,40,17.27,scattered clouds
169,Banjar,ID,-8.19,114.9675,82.4,78,40,5.75,light rain
170,Te Anau,NZ,-45.4167,167.7167,54.03,74,96,9.75,overcast clouds
171,Arraial Do Cabo,BR,-22.9661,-42.0278,84.2,65,20,10.36,few clouds
172,Sakakah,SA,29.9697,40.2064,68.0,12,0,4.61,clear sky
173,Richards Bay,ZA,-28.783,32.0377,65.95,77,0,4.59,clear sky
174,Kyshtovka,RU,56.555,76.6271,28.38,84,100,9.55,overcast clouds
175,Ribeira Brava,PT,32.65,-17.0667,63.0,79,91,4.09,overcast clouds
176,Santa Isabel Do Rio Negro,BR,-0.4139,-65.0192,84.11,79,100,4.07,overcast clouds
177,Patiya,BD,22.2931,91.9762,71.8,89,100,6.17,heavy intensity rain
178,Saldanha,ZA,-33.0117,17.9442,68.0,77,0,6.91,clear sky
179,Namibe,AO,-15.1961,12.1522,78.51,85,93,6.08,overcast clouds
180,Butaritari,KI,3.0707,172.7902,81.68,80,100,14.25,overcast clouds
181,Marsa Matruh,EG,31.3525,27.2453,69.8,35,0,5.75,clear sky
182,Hasaki,JP,35.7333,140.8333,64.4,100,75,4.61,light rain
183,Pevek,RU,69.7008,170.3133,-13.22,97,98,9.13,overcast clouds
184,Najran,SA,17.4924,44.1277,73.4,23,54,4.61,dust
185,Dharchula,IN,29.85,80.5333,58.35,16,8,8.48,clear sky
186,Mallig,PH,17.1411,121.6831,72.77,90,10,5.06,clear sky
187,Babol,IR,36.5513,52.679,55.71,64,3,5.97,clear sky
188,Ahipara,NZ,-35.1667,173.1667,58.51,86,100,3.78,overcast clouds
189,Mangualde,PT,40.6043,-7.7612,54.39,48,0,4.76,clear sky
190,Laguna,US,38.421,-121.4238,62.01,55,1,3.44,clear sky
191,Thunder Bay,CA,48.4001,-89.3168,50.0,43,75,17.27,broken clouds
192,Swetes,AG,17.05,-61.8,82.4,57,40,12.66,scattered clouds
193,Akureyri,IS,65.6835,-18.0878,15.8,92,90,18.41,light snow
194,Lompoc,US,34.6391,-120.4579,62.01,55,48,13.8,scattered clouds
195,Hofn,IS,64.2539,-15.2082,16.48,54,98,15.26,overcast clouds
196,Kargasok,RU,59.0556,80.8572,30.92,85,100,9.06,overcast clouds
197,Smidovich,RU,48.6,133.8167,34.59,56,93,2.84,overcast clouds
198,Muyezerskiy,RU,63.9333,31.65,36.48,94,100,13.2,overcast clouds
199,Haines Junction,CA,60.7522,-137.5108,30.2,51,100,8.12,overcast clouds
200,Bundaberg,AU,-24.85,152.35,71.6,100,90,11.5,overcast clouds
201,Asfi,MA,32.2994,-9.2372,61.97,76,0,16.78,clear sky
202,Muromtsevo,RU,56.3724,75.2418,29.52,80,100,9.22,overcast clouds
203,Rutland,US,43.6167,-73.0162,52.0,27,1,8.05,clear sky
204,Cabo San Lucas,MX,22.8909,-109.9124,91.4,19,1,13.8,clear sky
205,Tagusao,PH,9.1924,117.8141,78.06,83,98,5.88,overcast clouds
206,Hobyo,SO,5.3505,48.5268,82.99,67,87,13.62,overcast clouds
207,Bonthe,SL,7.5264,-12.505,81.39,78,90,11.95,overcast clouds
208,Shubarshi,KZ,48.5872,57.1869,39.76,87,97,6.53,overcast clouds
209,Zinder,NE,13.8072,8.9881,91.4,17,0,6.91,clear sky
210,Tyshkivka,UA,48.4967,30.9423,41.77,71,92,7.58,overcast clouds
211,Belchatow,PL,51.3688,19.3567,37.99,61,11,4.0,few clouds
212,Somerset,US,40.5668,-74.5496,64.4,24,75,3.44,broken clouds
213,Naze,JP,28.3667,129.4833,62.65,77,96,15.14,overcast clouds
214,Newport,GB,51.5877,-2.9984,50.0,77,25,1.01,scattered clouds
215,Noumea,NC,-22.2763,166.4572,68.0,77,0,6.91,clear sky
216,Cidreira,BR,-30.1811,-50.2056,75.0,72,9,15.84,clear sky
217,Vestmannaeyjar,IS,63.4427,-20.2734,21.78,50,31,29.26,scattered clouds
218,Altamont,US,42.2068,-121.7372,59.0,35,1,5.75,clear sky
219,Mogadishu,SO,2.0371,45.3438,82.33,79,93,12.39,overcast clouds
220,Pucara,PE,-15.9803,-71.4606,68.0,52,40,11.5,light rain
221,Airai,TL,-8.9266,125.4092,60.6,94,100,4.23,light rain
222,Padang,ID,-0.9492,100.3543,75.2,94,20,2.3,few clouds
223,Mossendjo,CG,-2.9506,12.7261,71.37,97,100,2.35,light rain
224,Tasiilaq,GL,65.6145,-37.6368,23.0,63,90,13.8,snow
225,Hami,CN,42.8,93.45,51.12,21,51,5.84,broken clouds
226,Awjilah,LY,29.1081,21.2869,75.58,9,0,11.25,clear sky
227,Acapulco,MX,16.8634,-99.8901,86.0,70,1,5.75,clear sky
228,Jumla,NP,29.2747,82.1838,44.6,23,100,3.74,overcast clouds
229,Margate,GB,51.3813,1.3862,48.0,66,19,4.0,few clouds
230,Nadym,RU,65.5333,72.5167,32.79,92,100,12.08,overcast clouds
231,Norman Wells,CA,65.282,-126.8329,12.2,62,75,12.66,broken clouds
232,Esmeraldas,BR,-19.7625,-44.3139,82.4,54,40,3.44,scattered clouds
233,Teguldet,RU,57.3064,88.1667,29.64,97,100,2.86,overcast clouds
234,Bodden Town,KY,19.2833,-81.25,82.4,61,75,18.41,broken clouds
235,Sola,VU,-13.8833,167.55,79.7,81,100,17.67,light rain
236,Palafrugell,ES,41.9174,3.1631,63.0,20,0,0.34,clear sky
237,Baijiantan,CN,45.6333,85.1833,50.07,27,0,2.86,clear sky
238,Cayenne,GF,4.9333,-52.3333,82.4,83,75,16.11,broken clouds
239,Dikson,RU,73.5069,80.5464,8.38,92,100,8.43,light snow
240,Camopi,GF,3.1655,-52.3158,78.96,95,100,4.27,overcast clouds
241,Deputatskiy,RU,69.3,139.9,-9.76,99,100,1.16,overcast clouds
242,Tiksi,RU,71.6872,128.8694,-19.82,100,100,4.81,overcast clouds
243,Sitka,US,57.0531,-135.33,37.4,93,90,6.91,mist
244,Georgetown,MY,5.4112,100.3354,84.0,83,20,3.71,moderate rain
245,Cairns,AU,-16.9167,145.7667,75.2,88,100,4.88,overcast clouds
246,Sinop,TR,41.7711,34.8709,48.51,80,68,3.24,broken clouds
247,Molepolole,BW,-24.4066,25.4951,73.4,56,0,5.75,clear sky
248,Port Antonio,JM,18.18,-76.4612,87.8,58,40,3.44,scattered clouds
249,Seoul,KR,37.5683,126.9778,42.8,87,0,4.61,clear sky
250,Mattru,SL,7.6244,-11.8332,83.28,68,51,7.92,broken clouds
251,Laureles,US,26.1092,-97.4941,78.01,64,1,18.41,clear sky
252,Biloela,AU,-24.4167,150.5,69.44,90,100,14.03,overcast clouds
253,Shar,KZ,49.5886,81.0453,32.79,70,2,7.49,clear sky
254,Jiangkou,CN,25.4872,119.1986,60.8,72,90,8.95,overcast clouds
255,Aksarka,RU,66.5606,67.7975,30.24,98,100,5.55,light snow
256,Lazaro Cardenas,MX,17.9583,-102.2,84.92,49,92,9.84,overcast clouds
257,Mago,RU,53.2514,140.1822,5.67,95,5,1.74,clear sky
258,Jaisalmer,IN,26.9147,70.9181,87.89,19,4,19.19,clear sky
259,Kashi,CN,39.4547,75.9797,44.6,65,100,4.47,overcast clouds
260,Inhambane,MZ,-23.865,35.3833,73.4,68,0,6.91,clear sky
261,Belyy Yar,RU,53.6039,91.3903,26.6,80,4,2.24,smoke
262,Villarrica,PY,-25.75,-56.4333,90.43,38,100,4.09,moderate rain
263,Severo-Kurilsk,RU,50.6789,156.125,27.88,83,93,14.18,overcast clouds
264,Sungaipenuh,ID,-2.0833,101.3833,62.62,89,85,1.59,heavy intensity rain
265,Talara,PE,-4.5772,-81.2719,89.6,48,20,12.66,few clouds
266,Bell Ville,AR,-32.6259,-62.6887,82.99,50,98,4.0,overcast clouds
267,Smithers,CA,54.7804,-127.1743,33.8,69,20,3.44,few clouds
268,Ifakara,TZ,-8.1333,36.6833,72.63,94,100,0.85,light rain
269,Mallasamudram,IN,11.4833,78.0333,82.17,56,41,2.93,scattered clouds
270,Coquimbo,CL,-29.9533,-71.3436,64.4,68,90,8.05,overcast clouds
271,La Union,PE,-5.4,-80.75,89.13,43,15,13.02,few clouds
272,Tarashcha,UA,49.5583,30.4926,39.56,71,11,6.06,few clouds
273,Son La,VN,21.3167,103.9,65.55,97,100,0.4,overcast clouds
274,Abu Kamal,SY,34.4506,40.9171,66.81,34,0,5.21,clear sky
275,Spitsevka,RU,45.1231,42.5125,51.8,76,40,11.18,moderate rain
276,Villa Carlos Paz,AR,-31.4241,-64.4978,82.0,66,100,17.0,overcast clouds
277,Kutum,SD,14.2,24.6667,74.73,14,22,9.62,few clouds
278,Key West,US,24.5557,-81.7826,77.0,44,1,13.8,clear sky
279,Erenhot,CN,43.6475,111.9767,41.36,20,100,3.18,overcast clouds
280,Flinders,AU,-34.5833,150.8552,66.99,88,23,1.01,few clouds
281,Stornoway,GB,58.2093,-6.3865,35.6,87,75,19.57,light snow
282,Inuvik,CA,68.3499,-133.7218,6.8,66,100,8.05,overcast clouds
283,Srednekolymsk,RU,67.45,153.6833,-16.8,100,87,6.02,overcast clouds
284,Edson,CA,53.5835,-116.4356,39.2,65,75,17.27,broken clouds
285,Odweyne,SO,9.4092,45.064,78.64,36,80,7.47,broken clouds
286,Barkhan,PK,29.8977,69.5256,75.38,12,100,3.78,overcast clouds
287,Pogar,RU,52.554,33.2591,37.02,70,8,6.4,clear sky
288,Formosa,AR,-26.1775,-58.1781,89.6,55,0,8.05,clear sky
289,Horsham,GB,51.064,-0.3272,51.8,66,0,6.91,clear sky
290,Labuan,MY,5.2767,115.2417,73.4,94,20,3.44,few clouds
291,Shimoda,JP,34.6667,138.95,62.01,100,75,1.14,broken clouds
292,Sumkino,RU,58.1108,68.3244,35.26,91,100,9.8,overcast clouds
293,Los Llanos De Aridane,ES,28.6585,-17.9182,68.0,60,75,3.44,broken clouds
294,Akyab,MM,20.15,92.9,77.63,81,0,7.94,clear sky
295,Castro,BR,-24.7911,-50.0119,72.57,54,4,6.06,clear sky
296,Birsk,RU,55.4211,55.5428,32.27,98,100,13.02,light snow
297,Wajir,KE,1.7471,40.0573,87.69,52,98,11.52,overcast clouds
298,Cabinda,AO,-5.55,12.2,80.58,83,100,5.84,overcast clouds
299,Birjand,IR,32.8663,59.2211,53.6,19,0,5.39,clear sky
300,Altay,CN,47.8667,88.1167,37.58,37,5,11.86,clear sky
301,Mahebourg,MU,-20.4081,57.7,81.0,74,8,7.0,light rain
302,Colares,PT,38.7992,-9.4469,64.99,72,20,10.36,few clouds
303,Bilibino,RU,68.0546,166.4372,-21.12,98,47,3.22,scattered clouds
304,Waingapu,ID,-9.6567,120.2641,78.42,79,100,15.43,moderate rain
305,Along,IN,28.1667,94.7667,61.97,63,100,2.15,overcast clouds
306,Esperance,AU,-33.8667,121.9,62.6,88,22,11.5,few clouds
307,Miles City,US,46.4083,-105.8406,66.2,22,1,8.05,clear sky
308,Gola Gokarannath,IN,28.0833,80.4667,74.44,9,0,5.59,clear sky
309,Bossangoa,CF,6.4926,17.4552,85.71,30,46,0.63,scattered clouds
310,Guerrero Negro,MX,27.9769,-114.0611,70.09,56,0,14.34,clear sky
311,Kununurra,AU,-15.7667,128.7333,69.8,94,12,2.3,few clouds
312,Bone,DE,51.9669,12.1396,45.0,74,46,1.01,scattered clouds
313,Seymchan,RU,62.8833,152.4333,-11.18,98,100,3.85,overcast clouds
314,Chateauneuf-Les-Martigues,FR,43.3833,5.1667,61.0,41,0,10.36,clear sky
315,Vila Franca Do Campo,PT,37.7167,-25.4333,60.8,94,40,16.11,scattered clouds
316,Mpulungu,ZM,-8.7623,31.1141,73.02,83,77,7.43,broken clouds
317,Kayerkan,RU,69.3497,87.7602,5.72,80,100,9.53,overcast clouds
318,Amga,RU,60.8953,131.9608,-16.06,100,100,1.72,overcast clouds
319,Brae,GB,60.3964,-1.353,28.4,93,75,27.63,light snow
320,Qidong,CN,31.8128,121.6561,51.01,70,0,10.51,clear sky
321,Quepos,CR,9.4236,-84.1652,86.0,44,0,19.57,clear sky
322,Lagoa,PT,39.05,-27.9833,59.79,83,100,17.96,overcast clouds
323,Port Hardy,CA,50.6996,-127.4199,44.6,61,20,16.11,few clouds
324,Samana,DO,19.2056,-69.3369,75.2,94,75,4.61,broken clouds
325,Namatanai,PG,-3.6667,152.4333,77.79,85,85,4.7,light rain
326,Carmo Do Cajuru,BR,-20.1842,-44.7711,79.86,58,76,4.79,broken clouds
327,Mehamn,NO,71.0357,27.8492,33.8,93,75,5.75,broken clouds
328,Yanam,IN,16.7333,82.2167,77.2,95,95,3.2,overcast clouds
329,San Jose,US,37.3394,-121.895,62.01,54,75,4.61,broken clouds
330,Sorland,NO,67.667,12.6934,33.8,64,75,12.66,broken clouds
331,Marzuq,YE,14.4,46.4667,72.27,30,6,5.7,clear sky
332,Krasnokamensk,RU,50.0979,118.0369,35.53,63,100,13.73,overcast clouds
333,Hat Yai,TH,7.0084,100.4767,78.8,100,40,2.04,scattered clouds
334,Ginda,IN,30.6945,78.4932,56.46,27,99,6.76,overcast clouds
335,Kupang,ID,-10.1667,123.5833,77.92,94,100,16.44,heavy intensity rain
336,Rodrigues Alves,BR,-7.738,-72.6509,86.0,74,75,4.61,broken clouds
337,Tual,ID,-5.6667,132.75,83.66,70,40,5.26,scattered clouds
338,Bauchi,NG,10.5,10.0,82.53,14,0,5.37,clear sky
339,Shingu,JP,33.7333,135.9833,60.73,94,100,5.17,overcast clouds
340,Sabang,ID,5.8933,95.3214,82.45,73,100,11.5,overcast clouds
341,Dingle,PH,10.9995,122.6711,74.98,88,100,7.31,overcast clouds
342,Isangel,VU,-19.55,169.2667,75.88,74,32,15.79,scattered clouds
343,Llano De Piedra,PA,7.6667,-80.5667,92.73,42,99,19.75,overcast clouds
344,Nizwa,OM,22.9333,57.5333,83.64,21,2,9.04,clear sky
345,Mezen,RU,65.8522,44.24,30.78,89,100,11.56,overcast clouds
346,Rosarito,MX,32.3333,-117.0333,79.0,59,75,6.91,broken clouds
347,Mecca,SA,21.4267,39.8261,78.91,32,100,7.14,overcast clouds
348,Humaita,BR,-7.5061,-63.0208,77.7,89,100,4.36,light rain
349,Baruun-Urt,MN,46.6806,113.2792,35.08,45,0,6.85,clear sky
350,Malinyi,TZ,-8.9333,36.1333,71.02,95,31,1.97,light rain
351,Bilma,NE,18.6853,12.9164,80.53,8,0,8.21,clear sky
352,Roma,US,43.2128,-75.4557,57.99,33,75,5.75,broken clouds
353,Saint-Joseph,RE,-21.3667,55.6167,78.8,73,0,3.44,clear sky
354,Domoni,KM,-12.2569,44.5319,80.53,84,88,7.23,light rain
355,Dwarka,IN,22.2394,68.9678,80.1,75,0,12.71,clear sky
356,Benicarlo,ES,40.4165,0.4271,54.0,76,0,1.01,clear sky
357,Heishan,CN,41.6892,122.1128,43.83,37,0,6.06,clear sky
358,Ostrovnoy,RU,68.0531,39.5131,31.69,91,100,19.26,overcast clouds
359,Salihorsk,BY,52.7876,27.5415,34.93,68,94,6.55,overcast clouds
360,Omsukchan,RU,62.5333,155.8,-16.37,94,89,4.18,overcast clouds
361,Poso,ID,-1.3959,120.7524,82.0,79,100,3.49,overcast clouds
362,Filingue,NE,14.3521,3.3168,87.53,6,0,6.93,clear sky
363,Carballo,ES,43.213,-8.691,60.8,51,0,3.44,clear sky
364,Acarau,BR,-2.8856,-40.12,82.8,77,100,16.11,overcast clouds
365,Oruro,BO,-17.9833,-67.15,54.55,45,73,5.55,broken clouds
366,Mataram,ID,-8.5833,116.1167,79.03,82,100,4.09,overcast clouds
367,Aquiraz,BR,-3.9014,-38.3911,87.8,62,20,16.11,few clouds
368,Ancud,CL,-41.8697,-73.8203,70.0,55,0,9.22,clear sky
369,Stepnyak,KZ,52.8339,70.7803,32.65,88,100,6.91,overcast clouds
370,Luderitz,NA,-26.6481,15.1594,70.27,68,0,18.12,clear sky
371,Sambava,MG,-14.2667,50.1667,79.14,83,96,6.33,overcast clouds
372,Bjornevatn,NO,69.6672,29.9847,33.8,93,75,12.66,light intensity drizzle
373,Port Hedland,AU,-20.3167,118.5667,73.4,56,4,8.05,clear sky
374,Kabansk,RU,52.0486,106.6528,33.8,86,75,4.47,light snow
375,Yar-Sale,RU,66.8333,70.8333,30.45,98,100,9.01,light snow
376,Diego De Almagro,CL,-26.3667,-70.05,81.03,19,23,12.39,few clouds
377,Tura,IN,25.5198,90.2201,71.98,35,100,2.51,overcast clouds
378,Sioux Lookout,CA,50.1001,-91.917,55.4,33,75,8.05,broken clouds
379,Aykhal,RU,66.0,111.5,-21.08,100,100,5.1,overcast clouds
380,Labuhan,ID,-6.8844,112.2051,76.48,90,100,7.11,light rain
381,Yarmouth,US,41.7057,-70.2286,53.6,19,1,16.11,clear sky
382,Puerto Baquerizo Moreno,EC,-0.9,-89.6,86.0,70,20,12.66,few clouds
383,Tefe,BR,-3.3542,-64.7114,86.0,79,40,10.36,light rain
384,Ono,JP,34.85,134.9333,53.01,100,100,3.0,overcast clouds
385,Tilichiki,RU,60.4667,166.1,8.82,92,100,17.0,light snow
386,Ocampo,MX,21.65,-101.5,78.01,50,7,8.1,clear sky
387,Chumikan,RU,54.7183,135.315,3.63,93,47,5.59,scattered clouds
388,Porto Murtinho,BR,-21.6989,-57.8825,100.36,23,95,5.1,overcast clouds
389,Solnechnyy,RU,50.7214,136.6319,26.04,58,48,3.29,scattered clouds
390,Urumqi,CN,43.801,87.6005,44.6,53,0,2.24,clear sky
391,Santa Rosa,PH,14.3122,121.1114,82.4,74,20,5.75,few clouds
392,Genhe,CN,50.7833,121.5167,32.09,86,100,9.35,snow
393,Egvekinot,RU,66.3167,-179.1667,-11.67,82,42,3.33,scattered clouds
394,Nyurba,RU,63.2842,118.3319,-14.94,99,100,2.95,overcast clouds
395,Kushima,JP,31.4583,131.2333,59.0,82,75,6.91,broken clouds
396,Ilhabela,BR,-23.7781,-45.3581,76.03,79,55,5.59,broken clouds
397,Kamaishi,JP,39.2667,141.8833,46.31,94,100,16.2,overcast clouds
398,Ouesso,CG,1.6136,16.0517,76.35,73,31,2.01,scattered clouds
399,Lakes Entrance,AU,-37.8811,147.981,59.0,96,100,7.38,overcast clouds
400,Anori,BR,-3.7728,-61.6442,83.97,77,100,3.74,overcast clouds
401,General Roca,AR,-39.0333,-67.5833,86.0,39,0,8.05,clear sky
402,Zhigansk,RU,66.7697,123.3711,-26.05,100,48,5.44,scattered clouds
403,Haimen,CN,23.1935,116.6142,68.0,77,90,6.71,overcast clouds
404,Moree,AU,-29.4667,149.85,62.6,82,100,8.05,overcast clouds
405,Keskin,TR,39.6731,33.6136,47.41,73,100,7.83,overcast clouds
406,Praia Da Vitoria,PT,38.7333,-27.0667,61.0,88,75,11.23,broken clouds
407,Thessalon,CA,46.2501,-83.5666,53.6,37,1,8.05,clear sky
408,San Cristobal,VE,7.7669,-72.225,82.4,83,40,10.36,scattered clouds
409,Port Lincoln,AU,-34.7333,135.8667,62.11,83,0,12.95,clear sky
410,Candolim,IN,15.5181,73.7626,79.32,75,5,12.24,clear sky
411,Kajaani,FI,64.2273,27.7285,39.2,75,90,10.36,overcast clouds
412,Meadow Lake,US,34.8014,-106.5436,78.01,23,40,4.61,scattered clouds
413,Flin Flon,CA,54.7682,-101.865,42.8,33,90,12.66,overcast clouds
414,Stockholm,SE,59.3326,18.0649,50.0,53,0,14.97,clear sky
415,Novobiryusinskiy,RU,56.9578,97.7076,30.83,98,100,2.24,overcast clouds
416,Balikpapan,ID,-1.2675,116.8289,77.47,84,99,1.79,overcast clouds
417,Mushie,CD,-3.0167,16.9,78.75,76,97,2.24,overcast clouds
418,Dunedin,NZ,-45.8742,170.5036,54.0,77,2,1.01,clear sky
419,Vyshkov,RU,52.4764,31.6873,41.0,75,0,6.71,clear sky
420,Atar,MR,20.5169,-13.0499,100.4,19,96,6.91,overcast clouds
421,Arroyo,ES,41.6096,-4.7969,55.4,44,0,4.61,clear sky
422,Paamiut,GL,61.994,-49.6678,38.52,76,84,27.2,broken clouds
423,Sao Filipe,CV,14.8961,-24.4956,75.33,69,30,6.91,scattered clouds
424,Tucuman,AR,-26.8241,-65.2226,80.6,61,75,12.66,broken clouds
425,Greytown,ZA,-29.0642,30.5928,56.39,92,0,1.41,clear sky
426,Citeureup,ID,-6.4856,106.8819,82.99,81,100,2.28,heavy intensity rain
427,Guantanamo,CU,20.1444,-75.2092,87.8,45,75,16.11,broken clouds
428,Sal Rei,CV,16.1833,-22.9167,75.2,73,20,20.71,few clouds
429,Touros,BR,-5.1989,-35.4608,84.2,74,40,13.8,scattered clouds
430,Vila Velha,BR,-20.3297,-40.2925,82.4,61,20,17.27,few clouds
431,Fortuna,US,40.5982,-124.1573,54.0,87,90,3.44,overcast clouds
432,Socorro,US,31.6546,-106.3033,78.01,35,1,6.91,clear sky
433,Hauterive,FR,46.0901,3.4459,53.6,40,0,4.61,clear sky
434,Bengkulu,ID,-3.8004,102.2655,77.49,80,100,9.33,overcast clouds
435,Kingston Upon Hull,GB,53.7446,-0.3353,51.8,71,25,19.57,scattered clouds
436,Esil,KZ,51.9556,66.4042,32.79,98,100,6.26,overcast clouds
437,Yabelo,ET,4.8833,38.0833,64.98,65,76,7.38,broken clouds
438,Leshukonskoye,RU,64.8989,45.7622,28.35,90,75,7.92,broken clouds
439,Dongning,CN,44.0622,131.1207,34.61,46,0,4.07,clear sky
440,Linjiang,CN,41.8069,126.9078,33.44,50,0,1.72,clear sky
441,Ust-Barguzin,RU,53.45,108.9833,18.99,97,30,2.13,scattered clouds
442,Marsh Harbour,BS,26.5412,-77.0636,67.53,58,100,15.28,overcast clouds
443,Pacifica,US,37.6138,-122.4869,59.0,62,90,9.22,overcast clouds
444,Half Moon Bay,US,37.4636,-122.4286,61.0,62,90,9.22,overcast clouds
445,Tarui,JP,35.3667,136.5333,39.0,100,69,8.01,broken clouds
446,Russell,US,32.3502,-85.1999,69.8,26,1,3.44,clear sky
447,Kirovskiy,RU,45.0917,133.5136,33.04,52,0,4.41,clear sky
448,Yining,CN,29.0361,114.5636,53.26,87,100,2.01,overcast clouds
449,Maragogi,BR,-9.0122,-35.2225,82.26,72,22,9.17,few clouds
450,Denpasar,ID,-8.65,115.2167,77.0,88,75,6.91,broken clouds
451,Sur,OM,22.5667,59.5289,85.1,44,3,8.72,clear sky
452,Mount Isa,AU,-20.7333,139.5,71.6,68,0,5.75,clear sky
453,Zyryanka,RU,65.75,150.85,-6.77,98,100,7.27,overcast clouds
454,Uberaba,BR,-19.7483,-47.9319,86.85,34,100,3.0,overcast clouds
455,Lorengau,PG,-2.0226,147.2712,79.75,82,100,1.59,overcast clouds
456,Soliera,IT,44.738,10.9263,52.0,46,0,10.36,clear sky
457,Khani,GE,41.9563,42.9566,51.8,71,0,6.91,clear sky
458,Oshkosh,US,44.0247,-88.5426,72.0,30,1,17.27,clear sky
459,Vwawa,TZ,-9.1167,32.9333,59.43,97,78,4.05,light rain
460,Batu Gajah,MY,4.4692,101.0411,75.87,94,73,3.33,broken clouds
461,Tezu,IN,27.9167,96.1667,70.0,31,1,5.53,clear sky
462,Salinopolis,BR,-0.6136,-47.3561,81.88,79,74,12.17,broken clouds
463,Betare Oya,CM,5.6,14.0833,83.75,28,100,3.49,overcast clouds
464,Yushu,CN,44.8,126.5333,39.27,34,0,9.86,clear sky
465,Aljezur,PT,37.3191,-8.8033,57.79,91,1,7.25,clear sky
466,Badnawar,IN,23.0167,75.2167,83.07,13,0,4.03,clear sky
467,Hamilton,US,39.1834,-84.5333,72.0,30,1,5.59,clear sky
468,Cravo Norte,CO,6.3017,-70.2041,94.15,36,100,4.21,light rain
469,Carutapera,BR,-1.195,-46.02,82.17,79,100,8.7,moderate rain
470,Poum,NC,-20.2333,164.0167,78.6,76,80,23.6,broken clouds
471,Ranong,TH,9.9658,98.6348,77.59,87,99,2.71,overcast clouds
472,Narsaq,GL,60.9167,-46.05,41.0,81,90,4.61,overcast clouds
473,Sydney,AU,-33.8679,151.2073,66.2,88,0,7.49,clear sky
474,Balabac,PH,7.9868,117.0645,81.68,76,99,12.95,overcast clouds
475,Beringovskiy,RU,63.05,179.3167,-10.12,95,7,4.72,clear sky
476,La Palma Del Condado,ES,37.3861,-6.5523,69.8,60,0,12.66,clear sky
477,Avera,US,33.194,-82.5271,72.0,19,1,5.75,clear sky
478,Honningsvag,NO,70.9821,25.9704,33.8,93,75,5.75,broken clouds
479,Aldan,RU,58.6031,125.3894,10.53,96,100,4.09,light snow
480,Aland,IN,17.5667,76.5667,88.48,16,77,8.93,broken clouds
481,Moose Factory,CA,51.2585,-80.6094,37.4,75,1,11.5,clear sky
482,Bosaso,SO,11.2842,49.1816,78.49,64,11,2.71,few clouds
483,Mbandaka,CD,0.0487,18.2603,75.58,85,99,4.7,light rain
484,Evensk,RU,61.95,159.2333,11.64,51,100,27.2,overcast clouds
485,Vanderhoof,CA,54.0166,-124.0198,41.43,49,1,9.33,clear sky
486,Plettenberg Bay,ZA,-34.0527,23.3716,67.64,79,100,6.46,overcast clouds
487,Tacuarembo,UY,-31.7333,-55.9833,81.91,46,8,6.42,clear sky
488,Birin,NP,26.8865,88.0718,57.78,15,0,5.86,clear sky
489,Komsomolskiy,UZ,40.4272,71.7189,48.2,87,75,6.13,mist
490,Ambilobe,MG,-13.2,49.05,74.84,93,42,3.31,scattered clouds
491,Douglas,US,41.3,-96.167,82.4,32,1,12.66,clear sky
492,Kenai,US,60.5544,-151.2583,41.0,75,1,26.46,clear sky
493,Palu,ID,-0.8917,119.8707,75.7,92,100,2.13,light rain
494,Teacapan,MX,22.55,-105.75,83.03,43,5,11.07,clear sky
495,Launceston,AU,-41.45,147.1667,45.0,81,0,2.28,clear sky
496,Rosetta,EG,31.4044,30.4164,68.0,45,0,4.61,clear sky
497,Kiruna,SE,67.8557,20.2251,28.4,100,90,1.14,light snow
498,Tabas,IR,33.5959,56.9244,62.71,21,0,6.46,clear sky
499,Kyaikto,MM,17.3,97.0167,74.79,84,100,5.73,overcast clouds
500,Kota Belud,MY,6.351,116.4305,80.6,89,20,5.35,few clouds
501,Dickinson,US,29.4608,-95.0513,73.99,60,40,8.05,scattered clouds
502,San Juan,AR,-31.5375,-68.5364,85.77,32,2,7.54,clear sky
503,Gorodets,RU,56.6514,43.475,35.6,69,20,4.47,few clouds
504,Mango,US,27.9797,-82.3065,77.0,41,40,3.44,scattered clouds
505,Binghamton,US,42.0987,-75.918,59.0,37,20,16.11,few clouds
506,Saint Anthony,US,45.0205,-93.218,78.8,25,1,13.8,clear sky
507,Xinqing,CN,48.2333,129.5,31.71,51,100,3.67,overcast clouds
508,Abu Dhabi,AE,24.4667,54.3667,75.2,64,0,9.22,clear sky
509,Ornskoldsvik,SE,63.2909,18.7153,37.4,81,20,5.75,few clouds
510,Kruisfontein,ZA,-34.0033,24.7314,64.0,84,93,1.01,overcast clouds
511,Novikovo,RU,51.1537,37.8879,39.81,75,9,4.14,clear sky
512,Muros,ES,42.7762,-9.0603,62.6,51,0,8.05,clear sky
513,Kahului,US,20.8947,-156.47,71.6,100,40,17.27,moderate rain
514,Farah,AF,32.5,62.5,60.37,21,0,5.39,clear sky
515,Shellbrook,CA,53.2168,-106.4011,42.8,65,90,16.11,overcast clouds
516,Hutang,CN,31.5333,119.4833,44.6,93,0,2.24,clear sky
517,Atambua,ID,-9.1061,124.8925,72.43,93,100,10.27,moderate rain
518,Sterling,US,39.0062,-77.4286,70.0,24,20,11.5,few clouds
519,Areka,ET,7.0667,37.7,66.63,59,48,4.18,scattered clouds
520,College,US,64.8569,-147.8028,33.8,86,90,10.36,snow
521,Cheremukhovo,RU,60.3484,59.9851,31.8,99,100,1.9,overcast clouds
522,Lakatoro,VU,-16.0999,167.4164,79.5,86,98,10.25,overcast clouds
523,Tanggu,CN,39.0211,117.6469,51.8,54,0,2.24,clear sky
524,Honiara,SB,-9.4333,159.95,77.88,87,40,3.18,scattered clouds
525,Jiexiu,CN,37.0244,111.9125,47.08,45,99,3.49,overcast clouds
526,Herzberg,DE,51.6869,13.2202,43.0,61,19,5.75,few clouds
527,Grand Gaube,MU,-20.0064,57.6608,81.0,74,1,8.01,clear sky
528,Geraldton,AU,-28.7667,114.6,73.4,83,90,12.66,overcast clouds
529,Burnie,AU,-41.0667,145.9167,54.27,80,1,8.86,clear sky
530,Lapinigan,PH,8.4206,125.9825,72.28,98,100,0.49,overcast clouds
531,Litovko,RU,49.2361,135.1742,33.17,68,100,3.53,overcast clouds
532,Bumba,CD,2.1833,22.4667,77.43,71,72,2.42,broken clouds
533,Independence,US,39.0911,-94.4155,77.0,46,1,18.41,clear sky
534,Lincoln,US,40.8,-96.667,82.99,36,1,13.8,clear sky
535,Ternate,ID,0.8,127.4,80.19,82,100,7.07,overcast clouds
536,Sao Felix Do Xingu,BR,-6.6447,-51.995,88.97,58,31,4.36,scattered clouds
537,High Level,CA,58.5169,-117.136,35.6,60,40,3.44,scattered clouds
538,Karratha,AU,-20.7377,116.8463,82.2,47,1,6.89,clear sky
539,Adrar,MR,20.5022,-10.0711,89.2,13,100,9.22,overcast clouds
540,Faya,SA,18.3851,42.4509,69.8,42,0,4.61,clear sky
541,Pudozh,RU,61.8099,36.5345,32.85,98,100,10.13,snow
542,Riverbank,US,37.736,-120.9355,61.0,54,1,4.61,clear sky
543,Price,US,39.5994,-110.8107,66.2,18,1,5.75,clear sky
544,Sao Jose De Ribamar,BR,-2.5619,-44.0542,80.6,94,75,4.61,moderate rain
545,Mahonda,TZ,-6.45,39.4667,82.4,78,20,13.8,light rain
546,Ondjiva,AO,-17.0667,15.7333,72.5,46,0,5.21,clear sky
547,Kirakira,SB,-10.4544,161.9205,79.3,86,100,4.43,overcast clouds
548,Hambantota,LK,6.1241,81.1185,75.2,88,0,2.3,clear sky
549,Bocas Del Toro,PA,9.3333,-82.25,73.0,46,99,13.0,overcast clouds
550,Tailai,CN,46.3833,123.4,43.45,34,4,8.9,clear sky
551,Tecoanapa,MX,16.5167,-98.75,86.4,49,0,10.94,clear sky
552,Guiratinga,BR,-16.3494,-53.7583,87.15,50,99,7.07,overcast clouds
553,Harnosand,SE,62.6323,17.9379,44.01,56,40,5.75,scattered clouds
554,El Alto,PE,-4.2714,-81.2147,89.6,48,20,12.66,few clouds
555,Khowst,AF,33.3833,69.8833,57.72,60,89,2.57,overcast clouds
556,Moissala,TD,8.3404,17.7663,90.46,22,13,4.81,few clouds
557,Mayumba,GA,-3.432,10.6554,79.86,88,99,8.61,overcast clouds
558,San Quintin,MX,30.4833,-115.95,67.84,60,5,16.37,clear sky
559,Lahij,YE,13.1667,44.5833,77.65,48,27,3.24,scattered clouds
560,Palmer,US,42.1584,-72.3287,57.99,24,40,10.36,scattered clouds
561,San Policarpo,PH,12.1791,125.5072,81.72,66,100,10.87,overcast clouds
562,Nisia Floresta,BR,-6.0911,-35.2086,86.0,70,40,14.97,scattered clouds
563,Wilmington,US,34.2257,-77.9447,73.99,23,1,4.61,clear sky
564,Minas,UY,-34.3759,-55.2377,79.0,73,40,12.66,scattered clouds
565,Luwuk,ID,-0.9516,122.7875,77.63,85,100,4.56,moderate rain
566,Copiapo,CL,-27.3667,-70.3333,73.4,49,0,10.36,clear sky
567,Dudesti,RO,44.9,27.4333,44.92,75,100,4.12,overcast clouds
568,Maputo,MZ,-25.9653,32.5892,75.2,60,0,5.75,clear sky
569,Saquisili,EC,-0.8333,-78.6667,51.8,82,90,16.11,light rain
570,Maceio,BR,-9.6658,-35.7353,82.4,78,75,12.66,broken clouds
571,Dukat,RU,62.55,155.55,-16.15,93,84,3.96,broken clouds
572,Voghera,IT,44.9947,9.0086,55.99,41,0,6.91,clear sky
573,Yeppoon,AU,-23.1333,150.7333,73.4,88,90,4.61,overcast clouds
574,Sept-Iles,CA,50.2001,-66.3821,39.0,64,90,10.36,overcast clouds
575,Killybegs,IE,54.6333,-8.45,48.2,87,90,16.11,overcast clouds
576,Tres Passos,BR,-27.4556,-53.9319,81.0,51,100,3.0,overcast clouds
577,Roald,NO,62.5833,6.1333,32.0,69,75,21.85,light snow
578,Kerema,PG,-7.9631,145.7785,77.92,81,76,5.59,broken clouds
579,Motygino,RU,58.1831,94.7592,31.39,99,100,2.89,overcast clouds
580,Zavyalovo,RU,54.5053,82.4484,24.8,74,0,4.61,clear sky
581,San Carlos De Bariloche,AR,-41.1456,-71.3082,75.99,21,0,12.66,clear sky
582,Borovskoy,KZ,53.8,64.15,33.01,99,100,5.91,overcast clouds
583,Palkan,PH,6.2964,125.0317,69.93,86,100,0.83,overcast clouds
584,Karasuk,RU,53.7377,78.0403,23.97,92,100,8.01,overcast clouds
585,Lucapa,AO,-8.4192,20.7447,70.63,78,100,1.52,overcast clouds
586,Dakar,SN,14.6937,-17.4441,75.2,64,0,13.8,clear sky
587,Manokwari,ID,-0.8667,134.0833,79.11,80,100,5.46,overcast clouds
588,Butterworth,MY,5.3991,100.3638,84.0,83,20,3.27,heavy intensity rain
589,Banda Aceh,ID,5.5577,95.3222,79.88,79,100,8.25,overcast clouds
590,Gat,IL,31.61,34.7642,62.01,67,0,7.83,clear sky
591,Kokoda,PG,-8.8785,147.7407,72.72,86,100,3.8,overcast clouds
592,Nefteyugansk,RU,61.0998,72.6035,41.0,60,0,8.95,clear sky
593,Luangwa,ZM,-15.6167,30.4167,71.2,68,5,1.01,clear sky
594,Gusinoye Ozero,RU,51.1144,106.2614,32.94,81,97,4.29,overcast clouds
595,Broome,US,42.2506,-75.833,59.0,37,20,16.11,few clouds
596,Viedma,AR,-40.8135,-62.9967,87.84,25,0,19.98,clear sky
597,Riviere-Au-Renard,CA,48.9957,-64.3971,30.2,93,90,6.91,overcast clouds
598,Qingyuan,CN,23.7,113.0333,71.01,77,75,6.71,broken clouds
599,Benguela,AO,-12.5763,13.4055,80.62,82,100,4.63,overcast clouds
600,Camacha,PT,33.0833,-16.3333,64.4,63,20,3.44,few clouds
601,Ust-Nera,RU,64.5667,143.2,-0.87,98,100,7.07,overcast clouds
602,Morgan City,US,29.6994,-91.2068,73.0,43,1,4.61,clear sky
603,Lapeer,US,43.0514,-83.3188,62.01,29,1,4.61,clear sky
604,Leticia,CO,-4.2153,-69.9406,87.8,62,40,5.75,scattered clouds
605,Razgrad,BG,43.5333,26.5167,35.47,99,100,1.41,light rain
606,Almaznyy,RU,48.0448,40.045,39.2,93,75,6.71,light rain
607,Saint-Augustin,CA,51.226,-58.6502,37.29,99,100,15.35,overcast clouds
608,Skibotn,NO,69.3913,20.2679,32.0,64,75,3.44,broken clouds
609,Sri Aman,MY,1.2376,111.4621,78.8,94,100,1.74,overcast clouds
610,Santa Maria,BR,-29.6842,-53.8069,81.12,50,100,6.33,overcast clouds
611,Suruc,TR,36.9761,38.425,51.8,62,0,14.97,clear sky
612,Slave Lake,CA,55.2834,-114.769,35.6,93,90,9.22,overcast clouds
613,Thongwa,MM,16.7619,96.5278,75.2,94,90,4.61,drizzle
614,Mongu,ZM,-15.2484,23.1274,70.41,49,4,6.29,clear sky
615,Marawi,PH,7.9986,124.2928,67.15,95,100,0.27,overcast clouds
616,Suez,EG,29.9737,32.5263,64.13,35,4,10.13,clear sky
617,Dalsingh Sarai,IN,25.6667,85.8333,75.7,5,0,1.63,clear sky
618,Tanete,ID,-3.9443,119.7848,76.77,92,99,4.97,overcast clouds
619,Swift Current,CA,50.2834,-107.8014,59.0,23,1,14.97,clear sky
620,Kiunga,PG,-6.1219,141.2906,71.24,96,84,1.66,light rain
621,Jieshi,CN,22.8134,115.8257,67.62,87,100,20.09,overcast clouds
622,Iskateley,RU,67.6803,53.1512,11.39,96,34,7.23,scattered clouds
623,Morant Bay,JM,17.8815,-76.4093,87.8,58,40,3.44,scattered clouds
624,Qasigiannguit,GL,68.8193,-51.1922,21.2,53,75,6.91,broken clouds
625,Samarai,PG,-10.6167,150.6667,81.97,79,44,3.67,scattered clouds
626,Lewiston,US,44.1003,-70.2148,57.0,22,1,17.27,clear sky
627,Porto Torres,IT,40.835,8.3972,57.2,88,0,5.75,clear sky
628,Prince Rupert,CA,54.3161,-130.3201,41.0,81,90,8.05,overcast clouds
629,Youkounkoun,GN,12.5333,-13.1333,96.46,14,33,4.09,scattered clouds
630,Sulangan,PH,11.1373,123.7228,81.7,72,95,16.58,overcast clouds
631,Paramonga,PE,-10.6667,-77.8333,75.33,72,55,10.16,broken clouds
632,Virginia Beach,US,36.8529,-75.978,73.4,23,20,11.5,few clouds
633,Merauke,ID,-8.4667,140.3333,79.12,84,100,3.4,overcast clouds
634,Port Blair,IN,11.6667,92.75,79.21,80,50,2.66,scattered clouds
635,Helena,US,46.5927,-112.0361,66.99,25,1,3.44,clear sky
636,Havre-Saint-Pierre,CA,50.2334,-63.5986,39.2,93,90,13.8,mist
637,Gunnedah,AU,-30.9833,150.25,61.0,87,6,3.04,clear sky
638,Barra,BR,-11.0894,-43.1417,93.51,32,28,6.6,scattered clouds
639,Bathsheba,BB,13.2167,-59.5167,84.2,54,40,16.11,scattered clouds
640,Stege,DK,54.987,12.2846,44.01,100,100,26.87,overcast clouds
641,Coudekerque-Branche,FR,51.0229,2.3936,46.0,74,21,12.03,few clouds
642,Pascagoula,US,30.3658,-88.5561,72.0,33,1,4.61,clear sky
643,Fort Smith,US,35.3859,-94.3986,75.0,49,75,6.91,smoke
644,Belmonte,BR,-15.8631,-38.8828,86.0,74,75,5.75,broken clouds
645,Bacolod,PH,10.6667,122.95,77.95,81,99,10.31,overcast clouds
646,Batouri,CM,4.4333,14.3667,84.52,36,92,2.89,overcast clouds
647,Canton,CN,23.1167,113.25,73.0,37,100,8.88,overcast clouds
648,Hualmay,PE,-11.0964,-77.6139,75.78,70,33,10.89,scattered clouds
649,Wanaka,NZ,-44.7,169.15,52.09,81,1,8.95,clear sky
650,San Rafael,AR,-34.6177,-68.3301,80.35,40,100,15.43,overcast clouds
651,Chifeng,CN,42.2683,118.9636,43.83,25,8,5.88,clear sky
652,Havelock,US,34.8791,-76.9013,70.0,26,1,12.66,clear sky
653,Aswan,EG,24.0934,32.907,73.54,10,0,10.69,clear sky
654,Beyneu,KZ,45.3167,55.2,49.98,68,11,9.84,few clouds
655,Awbari,LY,26.5921,12.7805,79.23,9,12,13.13,few clouds
656,Khuzhir,RU,53.1939,107.3397,26.19,82,61,6.35,broken clouds
657,Portland,US,45.5234,-122.6762,57.0,58,75,10.36,broken clouds
658,Chalchihuites,MX,23.4833,-103.8833,77.11,20,29,4.81,scattered clouds
659,Kozhva,RU,65.1073,57.0459,19.27,97,83,2.1,broken clouds
660,Eyl,SO,7.9803,49.8164,81.01,74,8,9.17,clear sky
661,Kuusamo,FI,65.9667,29.1833,33.8,93,90,8.05,overcast clouds
662,Matara,LK,5.9485,80.5353,75.78,87,100,6.82,overcast clouds
663,Akdagmadeni,TR,39.6603,35.8836,47.07,61,37,13.78,light rain
664,Lokot,RU,52.565,34.5776,35.58,72,51,4.0,broken clouds
665,Adre,TD,13.4667,22.2,83.1,12,100,12.39,overcast clouds
666,Rorvik,NO,64.8621,11.2373,32.0,100,75,11.5,light rain and snow
667,Mancio Lima,BR,-7.6142,-72.8958,86.0,74,75,4.61,broken clouds
668,Byron Bay,AU,-28.65,153.6167,68.0,94,40,3.44,scattered clouds
669,Ojinaga,MX,29.5667,-104.4167,73.0,49,1,8.05,clear sky
670,Alberton,CA,46.8168,-64.0654,32.0,100,100,23.02,snow
671,Tadine,NC,-21.55,167.8833,73.51,70,3,16.26,clear sky
672,Islamkot,PK,24.6997,70.177,79.72,55,0,16.04,clear sky
673,Kilindoni,TZ,-7.9139,39.6668,82.06,76,76,12.37,light rain
674,Dudinka,RU,69.4058,86.1778,13.19,93,100,12.28,overcast clouds
675,Primorsk,UA,46.7348,36.3443,39.83,94,100,9.42,overcast clouds
676,Ngudu,TZ,-2.9667,33.3333,66.7,89,100,3.87,light rain
677,Arlit,NE,18.7369,7.3853,82.62,6,2,7.4,clear sky
678,Magan,ES,39.9683,-3.931,68.0,39,0,1.14,clear sky
679,Cap-Aux-Meules,CA,47.3821,-61.8597,35.6,100,100,19.57,overcast clouds
680,Puerto Wilches,CO,7.3483,-73.896,91.04,54,86,0.87,overcast clouds
681,Orlik,RU,52.5178,99.825,9.7,93,52,2.53,broken clouds
682,Ola,RU,59.5833,151.2833,13.03,71,100,7.49,overcast clouds
683,Rio Grande,BR,-32.035,-52.0986,80.6,61,40,19.57,scattered clouds
684,Jalu,LY,29.0331,21.5482,75.4,9,0,11.07,clear sky
685,Toora-Khem,RU,52.4675,96.11,23.09,96,19,0.94,few clouds
686,The Valley,AI,18.217,-63.0578,84.2,65,40,12.66,scattered clouds
687,Seguin,US,29.5688,-97.9647,73.99,60,75,10.36,broken clouds
688,Mogocha,RU,53.7333,119.7667,24.82,83,100,3.11,overcast clouds
689,Ngaoundere,CM,7.3167,13.5833,77.14,21,58,5.06,broken clouds
690,Anadyr,RU,64.75,177.4833,-13.0,77,0,4.47,clear sky
691,Semporna,MY,4.4818,118.6112,77.0,94,20,1.14,few clouds
